screen_name,entities-hashtags,entities-url,source_url,geo,coordinates
__keating,[],"[{'url': 'https://t.co/VfXX2FflX5', 'expanded_url': 'https://twitter.com/i/web/status/858085365982388224', 'display_url': 'twitter.com/i/web/status/8…', 'indices': [117, 140]}]",https://about.twitter.com/products/tweetdeck,None,None
_callme_Dani,[],[],https://about.twitter.com/products/tweetdeck,None,None
_little_britt_,[],"[{'url': 'https://t.co/GHPAdHEPVP', 'expanded_url': 'https://youtu.be/ZCOgHA0jU80', 'display_url': 'youtu.be/ZCOgHA0jU80', 'indices': [101, 124]}]",http://twitter.com/download/iphone,None,None
134k5,[],"[{'url': 'https://t.co/ihcFHtAHqL', 'expanded_url': 'https://www.buzzfeed.com/keigoisashi/tom-0816', 'display_url': 'buzzfeed.com/keigoisashi/to…', 'indices': [57, 80]}]",http://twitter.com,None,None
2181chrom_bot,[],[],http://twpf.jp/2181chrom_bot,None,None
2LA1R_bot,[],[],http://twittbot.net/,None,None
3pei_bot,[],[],http://twpf.jp/3pei_bot,None,None
94kichi_bot,[],[],http://twittbot.net/,None,None
A3_Dekasegi_bot,[],[],http://twittbot.net/,None,None
aamir_khan,[],[],http://twitter.com,None,None
AceWallpaperBot,[],"[{'url': 'https://t.co/cVelEgLY4W', 'expanded_url': 'http://www.pixiv.net/member_illust.php?mode=medium&illust_id=50368998', 'display_url': 'pixiv.net/member_illust.…', 'indices': [28, 51]}]",https://github.com/ace3df/AcePictureBot,None,None
acormier_bzfd,"[{'text': 'NetNeutrality', 'indices': [42, 56]}]","[{'url': 'https://t.co/IGXL9P6RO2', 'expanded_url': 'https://twitter.com/stevenrenderos/status/857305260867571712', 'display_url': 'twitter.com/stevenrenderos…', 'indices': [57, 80]}]",http://twitter.com/download/iphone,None,None
ActuallyNPH,[],"[{'url': 'https://t.co/Hl1NNqEw1X', 'expanded_url': 'https://twitter.com/i/web/status/858743549281452032', 'display_url': 'twitter.com/i/web/status/8…', 'indices': [117, 140]}]",http://twitter.com/download/iphone,None,None
Adele,"[{'text': 'W4Water', 'indices': [0, 8]}]","[{'url': 'https://t.co/W5570kii0M', 'expanded_url': 'https://twitter.com/i/web/status/844477332693897216', 'display_url': 'twitter.com/i/web/status/8…', 'indices': [117, 140]}]",http://twitter.com/download/iphone,None,None
aflores,[],[],http://twitter.com/download/iphone,None,None
agnezmo,"[{'text': 'AGNEZMO', 'indices': [21, 29]}, {'text': 'Bakerlund', 'indices': [32, 42]}]","[{'url': 'https://t.co/xQQ4c8lZuz', 'expanded_url': 'https://twitter.com/BAkerlund/status/857019814971293696', 'display_url': 'twitter.com/BAkerlund/stat…', 'indices': [43, 66]}]",http://twitter.com/download/android,None,None
Agostinozoida,[],[],http://twitter.com/download/iphone,None,None
AhmedBharoocha,[],[],http://twitter.com/download/iphone,None,None
aho_levi_bot,[],[],https://twitter.com/aho_levi_bot,None,None
aiomacbot,[],[],http://twitter.com/download/iphone,None,None
akshaykumar,[],"[{'url': 'https://t.co/zUu1fAcO1r', 'expanded_url': 'https://twitter.com/i/web/status/858590296195477505', 'display_url': 'twitter.com/i/web/status/8…', 'indices': [117, 140]}]",http://twitter.com/download/iphone,None,None
AlannaBennett,[],[],http://twitter.com,None,None
AlArabiya_Brk,"[{'text': 'السعودية', 'indices': [0, 9]}, {'text': 'رؤية_2030', 'indices': [38, 48]}, {'text': 'العربية_عاجل', 'indices': [63, 76]}]",[],https://www.alarabiya.net,None,None
AlejandroSanz,[],"[{'url': 'https://t.co/3K5HjER7EZ', 'expanded_url': 'https://twitter.com/antoniorozco/status/858805597969551360', 'display_url': 'twitter.com/antoniorozco/s…', 'indices': [27, 50]}]",http://twitter.com/download/iphone,None,None
alexis_levinson,[],"[{'url': 'https://t.co/A9thmOSjKo', 'expanded_url': 'http://hrld.us/2pxI6Jh', 'display_url': 'hrld.us/2pxI6Jh', 'indices': [96, 119]}]",http://twitter.com/download/iphone,None,None
alexorrico,[],[],http://twitter.com,None,None
aliciakeys,"[{'text': 'RockHall2017', 'indices': [84, 97]}]","[{'url': 'https://t.co/Tj3A8VFBI8', 'expanded_url': 'https://twitter.com/i/web/status/858402597652267009', 'display_url': 'twitter.com/i/web/status/8…', 'indices': [120, 143]}]",http://twitter.com,None,None
AliWatkins,[],[],http://twitter.com/download/iphone,None,None
alysonrmartin,"[{'text': 'SABEW17', 'indices': [44, 52]}]","[{'url': 'https://t.co/i9iDgPvD8q', 'expanded_url': 'https://twitter.com/NushinRashidian/status/858431363103342592', 'display_url': 'twitter.com/NushinRashidia…', 'indices': [53, 76]}]",http://twitter.com/download/android,None,None
amyschumer,"[{'text': 'StrengthofaWoman', 'indices': [56, 73]}]",[],http://twitter.com,None,None
AnkhBot,"[{'text': 'AnkhBot', 'indices': [1, 9]}]","[{'url': 'https://t.co/WqtN1Tc6oU', 'expanded_url': 'http://www.ankhbot.com/changelog/', 'display_url': 'ankhbot.com/changelog/', 'indices': [70, 93]}]",http://twitter.com,None,None
annabroges,[],[],http://twitter.com/download/iphone,None,None
anonymoussepia,[],[],http://twitter.com/download/iphone,None,None
AnthoRivas,[],"[{'url': 'https://t.co/oIa3bsaHHS', 'expanded_url': 'https://www.buzzfeed.com/anthonyrivas/skincare-for-men?s=webapp&bftwcommunity&utm_term=4ldqpfz#4ldqpfz', 'display_url': 'buzzfeed.com/anthonyrivas/s…', 'indices': [59, 82]}]",http://twitter.com,None,None
aokimura_bot,[],[],https://twitter.com/#!/aokimura_bot,None,None
APERUSEUSU,[],[],http://twittbot.net/,None,None
aplusk,[],[],http://twitter.com/download/iphone,None,None
apokyokai_bot,[],[],http://twittbot.net/,None,None
applefinally,[],"[{'url': 'https://t.co/pBTubVmkgW', 'expanded_url': 'http://Express.co.uk', 'display_url': 'Express.co.uk', 'indices': [52, 75]}, {'url': 'https://t.co/MHbpejqhrF', 'expanded_url': 'http://ift.tt/2oYspHW', 'display_url': 'ift.tt/2oYspHW', 'indices': [77, 100]}]",https://ifttt.com,None,None
AramRoston,[],"[{'url': 'https://t.co/yo0SOCL1Ni', 'expanded_url': 'https://www.buzzfeed.com/salvadorhernandez/trump-read-the-snake-on-his-100th-day-as-president-as-a?utm_term=.pb9m10AdL', 'display_url': 'buzzfeed.com/salvadorhernan…', 'indices': [96, 119]}]",http://twitter.com,None,None
ArchdiggleITBot,[],[],https://www.twitter.com/ITBot_Central,None,None
ArianaGrande,[],[],http://twitter.com/download/iphone,None,None
arianelange,[],"[{'url': 'https://t.co/sOYmkhnt2t', 'expanded_url': 'https://www.buzzfeed.com/michaelblackmon/trumps-supporters-are-just-as-frustrated-as-he-is-about-not', 'display_url': 'buzzfeed.com/michaelblackmo…', 'indices': [4, 27]}]",https://mobile.twitter.com,None,None
asp_bot,[],[],http://twittbot.net/,None,None
Assma_MD,[],"[{'url': 'https://t.co/Lwv011nMBL', 'expanded_url': 'https://twitter.com/independent/status/858785786338185216', 'display_url': 'twitter.com/independent/st…', 'indices': [19, 42]}]",http://twitter.com/download/iphone,None,None
AveryFunny,"[{'text': 'Packchella', 'indices': [34, 45]}]","[{'url': 'https://t.co/bX4lmpCNDz', 'expanded_url': 'https://twitter.com/i/web/status/858803378213629953', 'display_url': 'twitter.com/i/web/status/8…', 'indices': [107, 130]}]",http://twitter.com/download/iphone,None,None
AvrilLavigne,[],[],http://twitter.com/download/iphone,None,None
azeen,[],"[{'url': 'https://t.co/c2yl3kYbah', 'expanded_url': 'https://twitter.com/mckaycoppins/status/858682334006128640', 'display_url': 'twitter.com/mckaycoppins/s…', 'indices': [117, 140]}]",http://twitter.com/download/iphone,None,None
BarackObama,[],[],http://twitter.com/download/iphone,None,None
BBCBreaking,[],"[{'url': 'https://t.co/o831uIjyGG', 'expanded_url': 'http://bbc.in/2qi8JTp', 'display_url': 'bbc.in/2qi8JTp', 'indices': [116, 139]}]",http://www.socialflow.com,None,None
BBCWorld,[],"[{'url': 'https://t.co/SCkW8gS942', 'expanded_url': 'http://bbc.in/2oYP9HT', 'display_url': 'bbc.in/2oYP9HT', 'indices': [38, 61]}]",http://www.socialflow.com,None,None
BeeeestDJ_BotTh,[],"[{'url': 'https://t.co/5nBvd8KZPc', 'expanded_url': 'http://fllwrs.com', 'display_url': 'fllwrs.com', 'indices': [51, 74]}]",http://fllwrs.com,None,None
BeimengFu,[],"[{'url': 'https://t.co/xE5wNbNQeu', 'expanded_url': 'https://twitter.com/buzzfeed/status/858722616080609280', 'display_url': 'twitter.com/buzzfeed/statu…', 'indices': [35, 58]}]",http://twitter.com/download/iphone,None,None
BeingSalmanBot,"[{'text': 'BeingSalmanBot', 'indices': [104, 119]}]",[],http://www.twitter.com/SalmanKhanNews,None,None
BeingSalmanKhan,"[{'text': '4DaysForTubelightTeaser', 'indices': [36, 60]}]","[{'url': 'https://t.co/scea8qDPIX', 'expanded_url': 'https://twitter.com/i/web/status/858584272847990785', 'display_url': 'twitter.com/i/web/status/8…', 'indices': [104, 127]}]",http://twitter.com/download/android,None,None
believekarolina,[],[],http://twitter.com,None,None
benkreimer,[],[],http://twitter.com/download/iphone,None,None
bglading,[],[],https://mobile.twitter.com,None,None
bhaviland,[],[],http://twitter.com/download/iphone,None,None
bigangcomic,[],"[{'url': 'https://t.co/uIhRinME9C', 'expanded_url': 'https://twitter.com/bigangcomic/status/857696070654074881', 'display_url': 'twitter.com/bigangcomic/st…', 'indices': [61, 84]}]",http://twitter.com/download/iphone,None,None
BillGates,[],"[{'url': 'https://t.co/aGodkwGTNw', 'expanded_url': 'https://twitter.com/i/web/status/858481853321412609', 'display_url': 'twitter.com/i/web/status/8…', 'indices': [105, 128]}]",http://www.twitter.com,None,None
bird_facts_bot,[],[],https://github.com/mouse-reeve/birdbot,None,None
blackmon,[],[],http://twitter.com,None,None
blakersdozen,[],"[{'url': 'https://t.co/OElVOjmJLj', 'expanded_url': 'http://kron4.com/2017/04/28/video-vandals-smash-windows-of-berkeley-business-owners/', 'display_url': 'kron4.com/2017/04/28/vid…', 'indices': [73, 96]}]",http://twitter.com/download/iphone,None,None
blakeshelton,"[{'text': 'VodkaCountry', 'indices': [73, 86]}, {'text': 'MySmithworksFam', 'indices': [87, 103]}]",[],http://twitter.com/download/iphone,None,None
bnels13,[],[],http://twitter.com/download/iphone,None,None
bobzany,"[{'text': 'Topeka', 'indices': [46, 53]}]",[],http://twitter.com/download/android,None,None
BostonSnowbot,[],[],https://github.com/molly/boston-snowbot,None,None
BostWiki,[],[],http://www.facebook.com/twitter,None,None
bot_bot_bot114,[],[],http://twittbot.net/,None,None
bot_bukatu_,[],[],http://twittbot.net/,None,None
bot_buttyo,[],[],http://twittbot.net/,None,None
bot_m_hotaru,[],[],https://twitter.com/bot_m_hotaru,None,None
Bot_telephone,"[{'text': 'ガラケー', 'indices': [32, 37]}]",[],http://twirobo.com/,None,None
BOT20130429,[],[],http://twittbot.net/,None,None
BotAesthetic,[],[],http://www.botaesthetic.com,None,None
botstreetboy,[],[],http://www.twitter.come/sowphie,None,None
BotvidGreen,[],"[{'url': 'https://t.co/80xsCUOHa1', 'expanded_url': 'http://dlvr.it/P1xSxW', 'display_url': 'dlvr.it/P1xSxW', 'indices': [52, 75]}]",https://dlvrit.com/,None,None
boxfade,[],[],http://twitter.com/download/android,None,None
braddybb,[],"[{'url': 'https://t.co/ptPuQSNUaY', 'expanded_url': 'https://twitter.com/pmclellan/status/858782757991964672', 'display_url': 'twitter.com/pmclellan/stat…', 'indices': [48, 71]}]",https://about.twitter.com/products/tweetdeck,None,None
Bradymatthews13,[],"[{'url': 'https://t.co/U0PAhsQUv3', 'expanded_url': 'https://www.instagram.com/p/BThjmVwgIMX/', 'display_url': 'instagram.com/p/BThjmVwgIMX/', 'indices': [16, 39]}]",http://instagram.com,None,None
brandnewfrogs,[],[],http://cheapbotsdonequick.com,None,None
bri_sacks,[],[],https://about.twitter.com/products/tweetdeck,None,None
brianneobrien,[],"[{'url': 'https://t.co/p4DfUziu4A', 'expanded_url': 'https://www.buzzfeed.com/jonah/2017-update-on-diversity-at-buzzfeed?utm_term=.eaAqdw8zw#.elJ5zAmPA', 'display_url': 'buzzfeed.com/jonah/2017-upd…', 'indices': [50, 73]}]",https://about.twitter.com/products/tweetdeck,None,None
brianstatus,[],[],https://ifttt.com,None,None
brianwohl,"[{'text': 'ScrambleComedy', 'indices': [0, 15]}]","[{'url': 'https://t.co/m1ccIs4FUW', 'expanded_url': 'https://www.instagram.com/p/BThnr6yF9Cg/', 'display_url': 'instagram.com/p/BThnr6yF9Cg/', 'indices': [95, 118]}]",http://instagram.com,None,None
britneyspears,[],[],http://twitter.com/download/iphone,None,None
brittberkowitz,[],"[{'url': 'https://t.co/R3UXc5UCfU', 'expanded_url': 'https://twitter.com/buzzfeednews/status/858742781799542785', 'display_url': 'twitter.com/buzzfeednews/s…', 'indices': [19, 42]}]",http://twitter.com/download/iphone,None,None
BrittneRose,[],"[{'url': 'https://t.co/cduLJlkK3V', 'expanded_url': 'https://twitter.com/vicentefoxque/status/857965388864376836', 'display_url': 'twitter.com/vicentefoxque/…', 'indices': [19, 42]}]",http://twitter.com/download/iphone,None,None
brknyc,[],[],http://twitter.com,None,None
Brucehills,[],"[{'url': 'https://t.co/wKOYRJyVcR', 'expanded_url': 'https://www.instagram.com/p/BTfmpvPjzc1/', 'display_url': 'instagram.com/p/BTfmpvPjzc1/', 'indices': [77, 100]}]",http://instagram.com,"{'type': 'Point', 'coordinates': [45.52039, -73.59872]}","{'type': 'Point', 'coordinates': [-73.59872, 45.52039]}"
BrunoMars,"[{'text': '24kMagicWorldTour', 'indices': [15, 33]}]","[{'url': 'https://t.co/uPpLjsPBUg', 'expanded_url': 'https://www.instagram.com/p/BTgugwoBkkL/', 'display_url': 'instagram.com/p/BTgugwoBkkL/', 'indices': [34, 57]}]",http://instagram.com,None,None
bryandey,[],[],http://twitter.com/download/android,None,None
bubaczery,"[{'text': 'climatechange', 'indices': [60, 74]}]","[{'url': 'https://t.co/XAeN57N3yS', 'expanded_url': 'https://twitter.com/i/web/status/845363474922442756', 'display_url': 'twitter.com/i/web/status/8…', 'indices': [99, 122]}]",http://twitter.com,None,None
BuzzFeedBooks,"[{'text': 'onebookNY', 'indices': [20, 30]}]","[{'url': 'https://t.co/ltq6tmMAYY', 'expanded_url': 'https://twitter.com/i/web/status/858788051396419584', 'display_url': 'twitter.com/i/web/status/8…', 'indices': [115, 138]}]",https://about.twitter.com/products/tweetdeck,None,None
BuzzFeedCanada,[],"[{'url': 'https://t.co/VZ4dz6AXbC', 'expanded_url': 'https://www.buzzfeed.com/sarahaspler/can-you-get-through-this-post-without-spending-50?bftwcanada&utm_term=4ldqpfv#4ldqpfv', 'display_url': 'buzzfeed.com/sarahaspler/ca…', 'indices': [68, 91]}]",http://twitter.com,None,None
BuzzFeedPol,[],"[{'url': 'https://t.co/MIH0A6vU9i', 'expanded_url': 'http://bzfd.it/2pdEg7v', 'display_url': 'bzfd.it/2pdEg7v', 'indices': [55, 78]}]",https://dlvrit.com/,None,None
BuzzFeedUK,[],"[{'url': 'https://t.co/pXc57u6dCR', 'expanded_url': 'https://www.buzzfeed.com/natalyalobanova/tumblr-posts-that-are-strangely-relatable?bffbuk&utm_term=4ldqphz#4ldqphz', 'display_url': 'buzzfeed.com/natalyalobanov…', 'indices': [45, 68]}]",https://about.twitter.com/products/tweetdeck,None,None
CarolineDKee,[],[],http://twitter.com,None,None
CaseyGueren,[],"[{'url': 'https://t.co/RBo8IqeizQ', 'expanded_url': 'https://twitter.com/i/web/status/855258550842601472', 'display_url': 'twitter.com/i/web/status/8…', 'indices': [117, 140]}]",http://twitter.com/download/iphone,None,None
ceodonovan,[],[],http://twitter.com/download/iphone,None,None
ces09,"[{'text': 'hptf', 'indices': [106, 111]}]",[],http://twitter.com,None,None
charliegorrilla,[],"[{'url': 'https://t.co/mSZolTV6os', 'expanded_url': 'https://www.instagram.com/p/BSlkrrujpB_DGO5Zd_L5m3vxWeYy8aMxBcK0E40/', 'display_url': 'instagram.com/p/BSlkrrujpB_D…', 'indices': [39, 62]}]",http://instagram.com,None,None
ChoppaFawkes,[],[],http://twitter.com/download/android,None,None
Chris_arnade,[],[],http://twitter.com/download/iphone,None,None
chrisbrown,"[{'text': 'PRIVACY', 'indices': [0, 8]}]",[],http://twitter.com/download/iphone,None,None
ChrisDHamby,"[{'text': 'ISDS', 'indices': [94, 99]}]","[{'url': 'https://t.co/0c0MDd9yT6', 'expanded_url': 'http://kluwerarbitrationblog.com/2017/04/26/200-billion-reasons-for-keeping-nafta/', 'display_url': 'kluwerarbitrationblog.com/2017/04/26/200…', 'indices': [112, 135]}]",https://about.twitter.com/products/tweetdeck,None,None
claire_bio_bot,[],[],http://twittbot.net/,None,None
ClemmenceITBot,[],[],https://www.twitter.com/ITBot_Central,None,None
CNN,[],"[{'url': 'https://t.co/58BIItVFE9', 'expanded_url': 'https://twitter.com/i/web/status/858837123671220226', 'display_url': 'twitter.com/i/web/status/8…', 'indices': [112, 135]}]",https://www.sprinklr.com,None,None
cnnbrk,[],[],http://twitter.com,None,None
cocoachan_bot,[],[],http://twittbot.net/,None,None
coldplay,[],"[{'url': 'https://t.co/1aQoYGQADX', 'expanded_url': 'http://cldp.ly/SJLTremixes', 'display_url': 'cldp.ly/SJLTremixes', 'indices': [89, 112]}, {'url': 'https://t.co/JDqw6i1cvx', 'expanded_url': 'https://youtu.be/5MenFU9qCzs', 'display_url': 'youtu.be/5MenFU9qCzs', 'indices': [116, 139]}]",http://twitter.com,None,None
ComedianJerryG,[],[],http://www.cloudhopper.com/,None,None
ConanOBrien,[],[],http://www.hootsuite.com,None,None
cooperhewittbot,[],"[{'url': 'https://t.co/lN55hZvnT5', 'expanded_url': 'http://cprhw.tt/o/2DwLK', 'display_url': 'cprhw.tt/o/2DwLK', 'indices': [58, 81]}]",http://127.0.0.1/,None,None
cora,[],"[{'url': 'https://t.co/26v9LYfrHc', 'expanded_url': 'https://www.buzzfeed.com/coralewis/google-okays-staff-protesting-may-1-asks-vendors-to-do-the?utm_term=.gqdOGnQgjk#.jikaNk92Kg', 'display_url': 'buzzfeed.com/coralewis/goog…', 'indices': [110, 133]}]",http://twitter.com,None,None
coreykim_ITBot,[],[],https://www.twitter.com/ITBot_Central,None,None
courtgay_eBooks,[],[],https://www.twitter.com/eBooks_Central,None,None
CplJager_ITBot,[],[],https://www.twitter.com/ITBot_Central,None,None
Cristiano,[],[],http://twitter.com/download/iphone,None,None
CrystalMoselle,[],[],http://twitter.com/download/iphone,None,None
csmcdaniel,[],[],http://twitter.com/download/iphone,None,None
cyberprefixer,[],[],http://www.mollywhite.net,None,None
DalaiLamaBot,[],"[{'url': 'https://t.co/kiHWujlgIU', 'expanded_url': 'http://youtu.be/Gv6HRXncTao', 'display_url': 'youtu.be/Gv6HRXncTao', 'indices': [104, 127]}]",http://twtbot.net,None,None
DaneCook,[],[],http://twitter.com/download/iphone,None,None
danieltosh,[],"[{'url': 'https://t.co/QX9UkbjaLx', 'expanded_url': 'https://twitter.com/i/web/status/858735481193996289', 'display_url': 'twitter.com/i/web/status/8…', 'indices': [109, 132]}]",http://twitter.com/download/iphone,None,None
Dantethecomic,[],"[{'url': 'https://t.co/5EmAiqVrvl', 'expanded_url': 'https://twitter.com/buttfreak1/status/858790914558504964', 'display_url': 'twitter.com/buttfreak1/sta…', 'indices': [28, 51]}]",http://twitter.com/download/iphone,None,None
DarrenAronofsky,[],[],http://twitter.com/download/iphone,None,None
davidguetta,"[{'text': 'AnotherLife', 'indices': [57, 69]}]",[],http://twitter.com/download/iphone,None,None
davidmackau,[],[],http://twitter.com/download/iphone,None,None
DavidMTodd,[],[],http://tapbots.com/software/tweetbot/mac,None,None
davidperrotin,[],[],http://twitter.com/download/iphone,None,None
dcbigjohn,[],[],http://twitter.com/download/iphone,None,None
ddlovato,[],[],http://twitter.com/download/iphone,None,None
DearAssistant,[],[],http://www.labnol.org/,None,None
DeepForger,[],"[{'url': 'https://t.co/NWABJvqx8k', 'expanded_url': 'http://arxiv.org/abs/1603.08155v1', 'display_url': 'arxiv.org/abs/1603.08155…', 'indices': [93, 116]}]",https://about.twitter.com/products/tweetdeck,None,None
deepikapadukone,"[{'text': 'DineshVijan', 'indices': [0, 12]}]",[],http://twitter.com/download/iphone,None,None
DeepTrutherbot,[],[],http://twitter.com/download/android,None,None
DelanieFischer,[],[],http://twitter.com/download/iphone,None,None
Dem_Bot,[],[],http://twitter.com/download/iphone,None,None
dino_grandoni,[],[],http://twitter.com/download/iphone,None,None
DinoArchie,[],[],http://www.facebook.com/twitter,None,None
DNealz,[],[],http://twitter.com/download/iphone,None,None
DonaldMcelfres1,[],[],http://twitter.com/download/android,None,None
doyounglove_bot,[],[],http://twittbot.net/,None,None
Drake,[],[],http://twitter.com,None,None
drcinta_gay,[],[],http://twitter.com/download/android,None,None
dwcomedy,"[{'text': 'theresnothingmoresexierthan', 'indices': [0, 28]}, {'text': 'theresnothingsexierthan', 'indices': [63, 87]}]",[],http://twitter.com/download/iphone,None,None
dyllyp,[],[],http://twitter.com/download/iphone,None,None
EarthRoverBot,[],[],http://muffinlabs.com,"{'type': 'Point', 'coordinates': [43.19358566, 131.93813804]}","{'type': 'Point', 'coordinates': [131.93813804, 43.19358566]}"
edsheeran,[],[],http://twitter.com/#!/download/ipad,None,None
eimiyamamitsu,[],"[{'url': 'https://t.co/JT8UW5c5fv', 'expanded_url': 'https://www.buzzfeed.com/tasneemnashrulla/100-lies-and-false-statements', 'display_url': 'buzzfeed.com/tasneemnashrul…', 'indices': [68, 91]}]",http://twitter.com,None,None
eleanorkagan,[],"[{'url': 'https://t.co/cJbek0N76D', 'expanded_url': 'https://www.buzzfeed.com/eleanorkagan/newsfeed-with-buzzfeedben-what-its-like-to-live-inside', 'display_url': 'buzzfeed.com/eleanorkagan/n…', 'indices': [112, 135]}]",https://about.twitter.com/products/tweetdeck,None,None
Elite_of_Shima,[],[],http://twittbot.net/,None,None
EmbeddedVideo,[],"[{'url': 'https://t.co/ZwLwPBNoWQ', 'expanded_url': 'https://youtube.com/watch?v=Uo8HibFHyzo', 'display_url': 'youtube.com/watch?v=Uo8Hib…', 'indices': [71, 94]}]",https://github.com,None,None
emilycampanelli,"[{'text': 'MarchForScience', 'indices': [41, 57]}]",[],http://twitter.com/download/iphone,None,None
Eminem,[],[],http://twitter.com,None,None
EmmaWatson,[],"[{'url': 'https://t.co/YQqrjeAfIr', 'expanded_url': 'https://www.theguardian.com/fashion/2017/apr/25/sustainable-clothing-fashion-revolution-week-rana-plaza-emma-watson', 'display_url': 'theguardian.com/fashion/2017/a…', 'indices': [3, 26]}]",http://twitter.com,None,None
EricBlackmon,[],[],http://twitter.com/download/iphone,None,None
EricIdle,[],[],http://twitter.com/#!/download/ipad,None,None
EricRevisBass,[],[],http://twitter.com/download/iphone,None,None
eridie_bot,[],[],http://twittbot.net/,None,None
EsauMcgraw,[],"[{'url': 'https://t.co/pzjEsZWyQa', 'expanded_url': 'https://twitter.com/i/web/status/855579367933493249', 'display_url': 'twitter.com/i/web/status/8…', 'indices': [108, 131]}]",http://twitter.com/#!/download/ipad,None,None
espn,[],"[{'url': 'https://t.co/iNXvhxJvN2', 'expanded_url': 'http://es.pn/2qtAOnh', 'display_url': 'es.pn/2qtAOnh', 'indices': [85, 108]}]",http://www.spredfast.com,None,None
EveHewson,"[{'text': 'robinhoodmovie', 'indices': [0, 15]}]","[{'url': 'https://t.co/UdDmo9kR3P', 'expanded_url': 'https://www.instagram.com/p/BTeYmYDAqD0/', 'display_url': 'instagram.com/p/BTeYmYDAqD0/', 'indices': [47, 70]}]",http://instagram.com,None,None
f_francavilla,[],[],http://twitter.com/download/iphone,None,None
fbksru24_bot,[],[],http://twittbot.net/,None,None
FCBarcelona,"[{'text': 'EspanyolFCB', 'indices': [64, 76]}]","[{'url': 'https://t.co/Bk8zQFbYkL', 'expanded_url': 'http://ow.ly/Z56A30biUeO', 'display_url': 'ow.ly/Z56A30biUeO', 'indices': [84, 107]}, {'url': 'https://t.co/qUZJup2DCs', 'expanded_url': 'https://twitter.com/i/web/status/858837143631908864', 'display_url': 'twitter.com/i/web/status/8…', 'indices': [109, 132]}]",http://www.hootsuite.com,None,None
felixbot,[],"[{'url': 'https://t.co/vOWpcTlXhq', 'expanded_url': 'http://www.slate.com/articles/podcasts/slate_money/2017/04/yahoo_s_sale_sheryl_sandberg_on_grief_and_steve_ballmer_s_ineffective_data.html', 'display_url': 'slate.com/articles/podca…', 'indices': [29, 52]}]",http://www.felixsalmon.com/,None,None
ff_sayuki_bot,[],[],http://twittbot.net/,None,None
FinCrimeBot,[],"[{'url': 'https://t.co/j0kjUJyllg', 'expanded_url': 'http://twib.in/l/p5grBoprKej5', 'display_url': 'twib.in/l/p5grBoprKej5', 'indices': [33, 56]}]",http://twibble.io,None,None
flahertykeely,[],[],http://twitter.com/download/iphone,None,None
four_0_four,[],"[{'url': 'https://t.co/KYx2LfvUhJ', 'expanded_url': 'https://twitter.com/cigargoylemk/status/858792679722930177', 'display_url': 'twitter.com/cigargoylemk/s…', 'indices': [83, 106]}]",http://twitter.com/download/iphone,None,None
FRC__bot,"[{'text': 'omgrobots', 'indices': [23, 33]}]","[{'url': 'https://t.co/IkMWnvKGcf', 'expanded_url': 'https://twitter.com/FirstTeam3157/status/858836551652052994#labnol', 'display_url': 'twitter.com/FirstTeam3157/…', 'indices': [34, 57]}]",https://ifttt.com,None,None
FuckReverendHax,"[{'text': 'Anonymous', 'indices': [47, 57]}]",[],https://ifttt.com,None,None
ganototosu_bot,[],[],http://twittbot.net/,None,None
genderposibot,[],[],http://cheapbotsdonequick.com,None,None
gfaim_bot,[],[],http://195.154.58.109,None,None
GiantBombLive,[],"[{'url': 'https://t.co/Ch9MpignqQ', 'expanded_url': 'http://giantbomb.com/live', 'display_url': 'giantbomb.com/live', 'indices': [62, 85]}]",http://placeholder.com,None,None
GjallarhorITBot,[],[],https://www.twitter.com/ITBot_Central,None,None
Google,"[{'text': 'GoogleEarth', 'indices': [23, 35]}, {'text': 'AutoDraw', 'indices': [58, 67]}]","[{'url': 'https://t.co/Rm4TIBTrj5', 'expanded_url': 'https://twitter.com/i/moments/858703847824400385', 'display_url': 'twitter.com/i/moments/8587…', 'indices': [111, 134]}]",http://twitter.com,None,None
gorosan_bot,[],[],https://twitter.com/gorosan_bot,None,None
gs_queen_bot,[],[],https://twitter.com/geddoe_bot,None,None
guggenheimbot,"[{'text': 'guggenheim', 'indices': [59, 70]}, {'text': 'luciofontana', 'indices': [71, 84]}]","[{'url': 'https://t.co/VNbkNsHGdu', 'expanded_url': 'https://www.guggenheim.org/artwork/14032', 'display_url': 'guggenheim.org/artwork/14032', 'indices': [35, 58]}]",https://www.offtheeasel.com,None,None
gutenboy2bot,[],[],http://cheapbotsdonequick.com,None,None
guynamedgabe,[],[],http://twitter.com,None,None
Hahneric,[],[],http://twitter.com/download/iphone,None,None
hakutyan_bot,[],[],http://twittbot.net/,None,None
happened_today,[],"[{'url': 'https://t.co/bE5rpRlaUc', 'expanded_url': 'https://twitter.com/i/web/status/858803204754223105', 'display_url': 'twitter.com/i/web/status/8…', 'indices': [99, 122]}]",http://history.muffinlabs.com/,None,None
HarlandWilliams,[],"[{'url': 'https://t.co/pHngWR61Lt', 'expanded_url': 'https://twitter.com/TheComedyStore/status/858485240263622657', 'display_url': 'twitter.com/TheComedyStore…', 'indices': [115, 138]}]",http://twitter.com,None,None
Harry_Styles,[],"[{'url': 'https://t.co/MldIUnpds7', 'expanded_url': 'http://SEE.YOU', 'display_url': 'SEE.YOU', 'indices': [4, 27]}, {'url': 'https://t.co/PxtIIEkySR', 'expanded_url': 'http://hstyles.co.uk', 'display_url': 'hstyles.co.uk', 'indices': [38, 61]}]",http://twitter.com/download/iphone,None,None
heck_net_bot,[],[],http://twittbot.net/,None,None
heysamemerson,[],[],http://twitter.com/download/iphone,None,None
heytishlaw,[],[],http://twitter.com,None,None
hhgodgayy_ITBot,[],[],https://www.twitter.com/ITBot_Central,None,None
Hibiki_P4_toa,"[{'text': 'bot', 'indices': [105, 109]}]",[],http://twittbot.net/,None,None
hima_jin_bot,[],[],http://twittbot.net/,None,None
HiRISEBot,[],"[{'url': 'https://t.co/owDE5y5TFT', 'expanded_url': 'http://www.uahirise.org/ESP_035233_2395', 'display_url': 'uahirise.org/ESP_035233_2395', 'indices': [28, 51]}]",http://www.martinoleary.com/,None,None
HoltzmanBrian,"[{'text': 'Reno', 'indices': [21, 26]}]",[],http://twitter.com/download/iphone,None,None
hoo_bot,[],[],http://twittbot.net/,None,None
hrm__bot,[],[],http://twittbot.net/,None,None
hshaban,[],[],http://twitter.com/download/iphone,None,None
html_css_bot,"[{'text': 'webdev', 'indices': [78, 85]}, {'text': 'php', 'indices': [86, 90]}, {'text': 'css', 'indices': [91, 95]}, {'text': 'html', 'indices': [96, 101]}, {'text': 'javascript', 'indices': [102, 113]}, {'text': 'marketing', 'indices': [114, 124]}]","[{'url': 'https://t.co/toW6CQYoI6', 'expanded_url': 'http://leagueofjohnc.co.uk', 'display_url': 'leagueofjohnc.co.uk', 'indices': [27, 50]}]",https://example.com,None,None
HVRanch_eBooks,[],[],https://www.twitter.com/eBooks_Central,None,None
hypem_charts,[],"[{'url': 'https://t.co/n2uotYS6uA', 'expanded_url': 'http://hypem.com/popular/twitter', 'display_url': 'hypem.com/popular/twitter', 'indices': [94, 117]}]",http://hypem.com,None,None
IACRePrint,[],"[{'url': 'https://t.co/Zajlb2OrjE', 'expanded_url': 'http://ia.cr/2016/1043', 'display_url': 'ia.cr/2016/1043', 'indices': [116, 139]}]",http://eprint-updates.appspot.com,None,None
iamsrk,[],[],http://tapbots.com/tweetbot,None,None
ibClaytonThomas,[],"[{'url': 'https://t.co/EooFxaCxQU', 'expanded_url': 'https://www.instagram.com/p/BTevmTtBBwA/', 'display_url': 'instagram.com/p/BTevmTtBBwA/', 'indices': [83, 106]}]",http://instagram.com,None,None
idriselba,"[{'text': 'JerseyMimosa', 'indices': [53, 66]}, {'text': 'BOOM', 'indices': [67, 72]}]",[],http://twitter.com/download/iphone,None,None
iHrithik,[],[],http://twitter.com/download/iphone,None,None
ikrandahir,[],[],http://twitter.com/download/iphone,None,None
imshrapnelITBot,"[{'text': 'kushking', 'indices': [54, 63]}]",[],https://www.twitter.com/ITBot_Central,None,None
IndiaTrutherbot,[],[],http://twitter.com/download/android,None,None
IndieGameDevBot,"[{'text': 'iosdev', 'indices': [78, 85]}, {'text': 'swiftlang', 'indices': [86, 96]}]","[{'url': 'https://t.co/nGk96PvE5S', 'expanded_url': 'http://www.thomashanning.com/android-toast/?utm_source=ReviveOldPost&utm_medium=social&utm_campaign=ReviveOldPost', 'display_url': 'thomashanning.com/android-toast/…', 'indices': [54, 77]}]",http://www.qosdevelopment.com,None,None
innovation_rtw,[],[],https://www.eitdigital.eu,None,None
instagram,"[{'text': 'TheWeekOnInstagram', 'indices': [32, 51]}]","[{'url': 'https://t.co/ZykidGZMAT', 'expanded_url': 'http://instagram.com/p/BTeMwEZAZT7/', 'display_url': 'instagram.com/p/BTeMwEZAZT7/', 'indices': [52, 75]}]",http://www.socialflow.com,None,None
iso_list_bot,[],[],http://twittbot.net/,None,None
JadeWorldBridge,[],[],http://twitter.com/download/android,None,None
jamieflam,[],[],http://twitter.com,None,None
JamoLockerITBot,[],[],https://www.twitter.com/ITBot_Central,None,None
JaneCarrey23,[],[],http://twitter.com/download/iphone,None,None
jarry,[],[],http://twitter.com/download/iphone,None,None
JasonBretWells,[],[],http://twitter.com/download/iphone,None,None
jasonhall8675,"[{'text': 'fighton', 'indices': [127, 135]}]",[],http://twitter.com/download/iphone,None,None
jennyhagel,[],[],http://twitter.com/download/iphone,None,None
jimmyfallon,"[{'text': 'ThankYouNoteFriday', 'indices': [75, 94]}, {'text': 'FallonTonight', 'indices': [96, 110]}]",[],http://twitter.com,None,None
Jinbe42_bot,[],[],http://twittbot.net/,None,None
jlfeder,[],[],http://twitter.com/download/iphone,None,None
JLo,"[{'text': 'ShadesOfBlue', 'indices': [13, 26]}]",[],http://twitter.com/download/iphone,None,None
jnelsoncomedy,"[{'text': 'RelationshipGoals', 'indices': [47, 65]}]",[],http://twitter.com/download/iphone,None,None
joe_ghinn_ITBot,[],[],https://www.twitter.com/ITBot_Central,None,None
JohnCampanelli1,"[{'text': 'Newwestminster', 'indices': [0, 15]}, {'text': 'canada', 'indices': [45, 52]}, {'text': 'pretty', 'indices': [53, 60]}, {'text': 'nofilter', 'indices': [61, 70]}, {'text': 'me', 'indices': [71, 74]}, {'text': 'MAPLESYRUP', 'indices': [75, 86]}]","[{'url': 'https://t.co/SEbt6ewQVA', 'expanded_url': 'https://www.instagram.com/p/BThvP_dlQKT/', 'display_url': 'instagram.com/p/BThvP_dlQKT/', 'indices': [87, 110]}]",http://instagram.com,None,None
jordancpease,[],"[{'url': 'https://t.co/ZBiENd2IUC', 'expanded_url': 'http://fb.me/Ly0cme2H', 'display_url': 'fb.me/Ly0cme2H', 'indices': [113, 136]}]",http://www.facebook.com/twitter,None,None
jsvine,[],[],http://twitter.com,None,None
jtimberlake,"[{'text': 'NBACommunityAssist', 'indices': [106, 125]}, {'text': 'MikeConley', 'indices': [132, 143]}]",[],http://twitter.com/download/iphone,None,None
JulesDrmnn,[],[],http://twitter.com/download/iphone,None,None
juliareinstein,[],"[{'url': 'https://t.co/Xdz8pIuOhP', 'expanded_url': 'https://twitter.com/h0neymami/status/857360336038445057', 'display_url': 'twitter.com/h0neymami/stat…', 'indices': [21, 44]}]",http://twitter.com,None,None
justinberkman,[],[],https://mobile.twitter.com,None,None
justinbieber,"[{'text': 'WorldWishDay', 'indices': [24, 37]}]",[],http://twitter.com/download/iphone,None,None
KAKA,[],[],http://twitter.com/download/iphone,None,None
kaleid_o_bot,"[{'text': 'south', 'indices': [29, 35]}, {'text': '16slices', 'indices': [36, 45]}]",[],http://muffinlabs.com,None,None
KanaiYuu_bot,[],[],http://twittbot.net/,None,None
kanyewest,[],"[{'url': 'https://t.co/5DG4yQMONm', 'expanded_url': 'https://itunes.apple.com/us/album/i-decided./id1187413675', 'display_url': 'itunes.apple.com/us/album/i-dec…', 'indices': [0, 23]}]",http://twitter.com,None,None
kanyeyes_eBooks,[],[],https://www.twitter.com/eBooks_Central,None,None
karaokeprompts,[],[],http://cheapbotsdonequick.com,None,None
kassyapple,[],[],http://twitter.com,None,None
KaTAlchemy,[],"[{'url': 'https://t.co/hBhZaGcuff', 'expanded_url': 'https://www.rt.com/viral/386677-engineer-fined-exposing-traffic-lights-flaw/', 'display_url': 'rt.com/viral/386677-e…', 'indices': [80, 103]}]",http://twitter.com/download/android,None,None
katyperry,[],"[{'url': 'https://t.co/KsZX5kieFP', 'expanded_url': 'https://twitter.com/i/web/status/858803833190969348', 'display_url': 'twitter.com/i/web/status/8…', 'indices': [108, 131]}]",http://twitter.com/download/iphone,None,None
kayo_cat9,[],[],http://twitter.com/download/iphone,None,None
KeepCalmBot,[],[],http://127.0.0.1/,None,None
KellySchuberth,"[{'text': 'fairygodmother', 'indices': [65, 80]}]",[],http://twitter.com/download/iphone,None,None
kenbebe_bot,[],[],http://twittbot.net/,None,None
KendallJenner,[],"[{'url': 'https://t.co/ODl1OdwXZB', 'expanded_url': 'https://smart.link/58ff8176589b5?medium=social&source=twitter', 'display_url': 'smart.link/58ff8176589b5?…', 'indices': [10, 33]}]",http://sproutsocial.com,None,None
KendallTTaggart,[],"[{'url': 'https://t.co/xfakcn1B1R', 'expanded_url': 'https://www.nytimes.com/2017/04/29/world/americas/veracruz-mexico-reporters-killed.html?smprod=nytcore-iphone&smid=nytcore-iphone-share', 'display_url': 'nytimes.com/2017/04/29/wor…', 'indices': [112, 135]}]",http://twitter.com/download/iphone,None,None
KeplerBot,"[{'text': 'TRAPPIST1', 'indices': [45, 55]}]","[{'url': 'https://t.co/oBMKeB5nbH', 'expanded_url': 'https://keplerscience.arc.nasa.gov/raw-data-for-k2-campaign-12-and-trappist-1-now-available.html', 'display_url': 'keplerscience.arc.nasa.gov/raw-data-for-k…', 'indices': [71, 94]}]",http://geert.io,None,None
KevinHart4real,[],"[{'url': 'https://t.co/ezc5NivRXz', 'expanded_url': 'https://www.instagram.com/p/BThvlq3jp-E/', 'display_url': 'instagram.com/p/BThvlq3jp-E/', 'indices': [94, 117]}]",http://instagram.com,None,None
Keyori_ITBot,[],[],https://www.twitter.com/ITBot_Central,None,None
khloekardashian,"[{'text': 'KUWTKSunday', 'indices': [67, 79]}]",[],http://twitter.com/download/iphone,None,None
KimKardashian,"[{'text': 'Kuwtk', 'indices': [4, 10]}]","[{'url': 'https://t.co/WPF8D30Jqz', 'expanded_url': 'https://twitter.com/simonhuck/status/858659784882573312', 'display_url': 'twitter.com/simonhuck/stat…', 'indices': [11, 34]}]",http://twitter.com/download/iphone,None,None
kimochi1_bot,[],[],http://twittbot.net/,None,None
KingJames,"[{'text': 'StriveForGreatness', 'indices': [32, 51]}]",[],http://twitter.com/download/iphone,None,None
koko_Renji_bot,[],[],http://twittbot.net/,None,None
kokodeikku_bot,[],[],http://example.com,None,None
kourtneykardash,"[{'text': 'tonight', 'indices': [69, 77]}, {'text': 'KUWTK', 'indices': [78, 84]}]",[],http://twitter.com/download/iphone,None,None
Kurvaz_st_bot,[],[],http://www35.atpages.jp/lausanne5774/E2.htm,None,None
KylieJenner,[],"[{'url': 'https://t.co/bDaiohhXCV', 'expanded_url': 'http://KylieCosmetics.com', 'display_url': 'KylieCosmetics.com', 'indices': [28, 51]}]",http://twitter.com/download/iphone,None,None
ladygaga,[],"[{'url': 'https://t.co/RsQA6P2key', 'expanded_url': 'https://twitter.com/billboard/status/857693408252633088', 'display_url': 'twitter.com/billboard/stat…', 'indices': [4, 27]}]",http://twitter.com/download/iphone,None,None
leeann_mahone,[],"[{'url': 'https://t.co/uDKmmjjwhs', 'expanded_url': 'https://twitter.com/heartlle/status/851442284818255872', 'display_url': 'twitter.com/heartlle/statu…', 'indices': [41, 64]}]",http://twitter.com/download/iphone,None,None
lelou_chu_bot,[],[],http://d.hatena.ne.jp/lelouchu_bot/,None,None
LeoDiCaprio,"[{'text': 'ClimateMarch', 'indices': [8, 21]}]","[{'url': 'https://t.co/v4r60susfu', 'expanded_url': 'https://twitter.com/i/web/status/858507952868794368', 'display_url': 'twitter.com/i/web/status/8…', 'indices': [122, 145]}]",http://twitter.com/download/iphone,None,None
letidmiranda,[],"[{'url': 'https://t.co/eewmPKnNxd', 'expanded_url': 'http://nymag.com/thecut/2017/04/fyre-festival-exumas-bahamas-disaster.html', 'display_url': 'nymag.com/thecut/2017/04…', 'indices': [94, 117]}]",http://twitter.com/download/iphone,None,None
LFRVineRepost24,[],"[{'url': 'https://t.co/F9Y8sWxmuA', 'expanded_url': 'https://vine.co/v/Oj0jUKj2WEq', 'display_url': 'vine.co/v/Oj0jUKj2WEq', 'indices': [50, 73]}]",http://lacrossefilmroom.com,None,None
LFRWomensLaxBot,[],"[{'url': 'https://t.co/0jW4Df4GbT', 'expanded_url': 'https://vine.co/v/iux5l53ODpB', 'display_url': 'vine.co/v/iux5l53ODpB', 'indices': [83, 106]}]",http://lacrossefilmroom.com,None,None
LiamPayne,[],[],http://twitter.com/download/iphone,None,None
lillyrblx_ITBot,[],[],https://www.twitter.com/ITBot_Central,None,None
LilTunechi,[],[],http://twitter.com/download/android,None,None
linzkraft,[],[],http://twitter.com/download/iphone,None,None
LissandraVilla,[],[],http://twitter.com/download/iphone,None,None
LoopEmma,[],"[{'url': 'https://t.co/uR7jeYOJbv', 'expanded_url': 'https://www.instagram.com/p/BThSXNzAaee/', 'display_url': 'instagram.com/p/BThSXNzAaee/', 'indices': [6, 29]}]",http://instagram.com,None,None
Louis_Tomlinson,[],[],http://twitter.com/download/iphone,None,None
Louis1D_eBooks,[],[],https://www.twitter.com/eBooks_Central,None,None
loveg4saku,[],[],http://twitter.com/download/iphone,None,None
LyleBrennan,[],[],http://twitter.com/download/iphone,None,None
LyleLovett,[],[],http://twitter.com/download/iphone,None,None
m_rinnosuke_bot,[],[],http://twittbot.net/,None,None
MADMuseumBot,[],"[{'url': 'https://t.co/9M6Dm91LuQ', 'expanded_url': 'http://collections.madmuseum.org/objects/3051', 'display_url': 'collections.madmuseum.org/objects/3051', 'indices': [15, 38]}]",http://127.0.0.1/,None,None
magicalncute,[],[],http://rachelisaweso.me,None,None
maid_alisa_bot,[],[],http://twittbot.net/,None,None
manboooo_bot,[],[],http://twittbot.net/,None,None
ManzIsMe_ITBot,[],[],https://www.twitter.com/ITBot_Central,None,None
marathon_bot,[],"[{'url': 'https://t.co/2SO08upazP', 'expanded_url': 'http://dlvr.it/P1wJdx', 'display_url': 'dlvr.it/P1wJdx', 'indices': [43, 66]}]",https://dlvrit.com/,None,None
MariahCarey,"[{'text': 'BillboardNews', 'indices': [65, 79]}]",[],http://twitter.com,None,None
marmarpov,[],[],http://twitter.com/download/iphone,None,None
marnicordell,[],[],http://twitter.com/download/iphone,None,None
MarxBlue_ITBot,[],[],https://www.twitter.com/ITBot_Central,None,None
MattGoldich,[],[],http://twitter.com/download/iphone,None,None
matthewkehoeNY,"[{'text': 'hollywood', 'indices': [41, 51]}, {'text': 'beachwood', 'indices': [52, 62]}, {'text': 'hollywoodhomes', 'indices': [63, 78]}, {'text': 'architecture', 'indices': [79, 92]}]","[{'url': 'https://t.co/GYbwbcFi5K', 'expanded_url': 'https://www.instagram.com/p/BDoT_YLRozy/', 'display_url': 'instagram.com/p/BDoT_YLRozy/', 'indices': [98, 121]}]",http://instagram.com,"{'type': 'Point', 'coordinates': [34.12, -118.34]}","{'type': 'Point', 'coordinates': [-118.34, 34.12]}"
MattLevineBot,[],[],http://elaineou.com,None,None
Maulida_oke,[],[],http://twittbot.net/,None,None
meanvoter,"[{'text': 'Everyonein2016', 'indices': [100, 115]}]","[{'url': 'https://t.co/1Qfa6thETT', 'expanded_url': 'https://g.co/kgs/2ML6Po', 'display_url': 'g.co/kgs/2ML6Po', 'indices': [116, 139]}]",http://twitter.com/download/iphone,None,None
MedischeWiet,[],"[{'url': 'https://t.co/TaklF6YHCO', 'expanded_url': 'http://ift.tt/2oYJ4vj', 'display_url': 'ift.tt/2oYJ4vj', 'indices': [24, 47]}]",https://ifttt.com,None,None
Meg_Cramer,[],"[{'url': 'https://t.co/E9bsk4g6mi', 'expanded_url': 'https://twitter.com/buzzfeedben/status/858768308048416773', 'display_url': 'twitter.com/buzzfeedben/st…', 'indices': [99, 122]}]",http://twitter.com/download/iphone,None,None
MicahBleich,[],[],http://twitter.com/download/iphone,None,None
Micaheadowcroft,[],[],http://twitter.com/download/android,None,None
michellebvd,[],"[{'url': 'https://t.co/zU6NeMc73B', 'expanded_url': 'http://www.hawaiinewsnow.com/story/35280971/state-health-department-reports-more-new-cases-of-rat-lungworm-disease', 'display_url': 'hawaiinewsnow.com/story/35280971…', 'indices': [113, 136]}]",https://about.twitter.com/products/tweetdeck,None,None
mike_giglio,[],"[{'url': 'https://t.co/rvpPpaTO46', 'expanded_url': 'https://www.buzzfeed.com/nancyyoussef/the-white-house-is-giving-up-on-dictating-us-troop-numbers?utm_term=.vnqWp4RkW#.sgPNDmqXN', 'display_url': 'buzzfeed.com/nancyyoussef/t…', 'indices': [117, 140]}]",http://twitter.com,None,None
mikeoughton,[],[],http://twitter.com/download/iphone,None,None
MikePrideMusic,[],"[{'url': 'https://t.co/WVEH2T4Uem', 'expanded_url': 'https://twitter.com/i/web/status/858693380842377222', 'display_url': 'twitter.com/i/web/status/8…', 'indices': [117, 140]}]",http://twitter.com/download/iphone,None,None
MileyCyrus,[],"[{'url': 'https://t.co/QDWwBb8cgA', 'expanded_url': 'https://twitter.com/i/web/status/835215500619595776', 'display_url': 'twitter.com/i/web/status/8…', 'indices': [114, 137]}]",http://twitter.com/download/iphone,None,None
misheardly,[],[],https://github.com/molly/misheardly,None,None
mispeleveryword,[],[],http://stalefri.es,None,None
mistersui_bot,[],[],http://pixiv.me/ctakekirai,None,None
mitchprothero,[],[],http://twitter.com/download/iphone,None,None
MLW_ITBot,[],[],https://www.twitter.com/ITBot_Central,None,None
mo_abhat,"[{'text': 'EQUALITY', 'indices': [21, 30]}]","[{'url': 'https://t.co/NiV8be5ImU', 'expanded_url': 'https://www.instagram.com/p/BSysEqWBD9w/', 'display_url': 'instagram.com/p/BSysEqWBD9w/', 'indices': [78, 101]}]",http://instagram.com,None,None
MohamadAlarefe,"[{'text': 'العريفي', 'indices': [94, 102]}, {'text': 'سناب_شات', 'indices': [103, 112]}]","[{'url': 'https://t.co/f2U7PDWXbU', 'expanded_url': 'https://www.snapchat.com/add/mohamad_alarefe', 'display_url': 'snapchat.com/add/mohamad_al…', 'indices': [50, 73]}]",http://twitter.com/download/iphone,None,None
MONROK,[],[],http://twitter.com,None,None
MrHoratioSanz,[],[],http://twitter.com/download/android,None,None
mrkarnell,[],[],http://tapbots.com/tweetbot,None,None
mrmarkmillar,[],"[{'url': 'https://t.co/5da7WzenCn', 'expanded_url': 'https://twitter.com/gray/status/858046293922508800', 'display_url': 'twitter.com/gray/status/85…', 'indices': [6, 29]}]",http://twitter.com,None,None
MrTrutherbot,[],[],http://twitter.com,None,None
mtdak_bot,[],[],http://twittbot.net/,None,None
musou_gtmt_bot,[],[],http://twittbot.net/,None,None
MyNameisRazzle2,[],[],http://twitter.com/download/iphone,None,None
NaoRobot,[],[],http://twitter.com,None,None
narendramodi,[],[],http://twitter.com,None,None
NASA,[],"[{'url': 'https://t.co/fOMFH72KqI', 'expanded_url': 'https://twitter.com/i/web/status/858792585145581573', 'display_url': 'twitter.com/i/web/status/8…', 'indices': [114, 137]}]",https://www.sprinklr.com,None,None
NatGeo,[],"[{'url': 'https://t.co/mmspka1NCJ', 'expanded_url': 'http://on.natgeo.com/2pMADaj', 'display_url': 'on.natgeo.com/2pMADaj', 'indices': [121, 144]}]",http://www.spredfast.com,None,None
NatTenerelli,[],[],http://twitter.com/download/iphone,None,None
Nazrin_bot,[],[],http://www.sdn-project.net/labo/Nazrin_bot,None,None
NBA,"[{'text': 'NBA', 'indices': [53, 57]}]",[],http://www.echofon.com/,None,None
neenpathak,[],[],http://twitter.com/download/iphone,None,None
neilhimself,[],[],https://about.twitter.com/products/tweetdeck,None,None
nettime_bot,"[{'text': 'nettime', 'indices': [6, 14]}]","[{'url': 'https://t.co/GkJFQCqF4D', 'expanded_url': 'https://nttm.to/l/1704072', 'display_url': 'nttm.to/l/1704072', 'indices': [110, 133]}]",https://www.nettime.org,None,None
newstarsbot,[],[],http://cheapbotsdonequick.com,None,None
neymarjr,"[{'text': 'gagamilano', 'indices': [15, 26]}]",[],http://twitter.com,None,None
NFL,[],"[{'url': 'https://t.co/ruZ1MRpvMy', 'expanded_url': 'http://on.nfl.com/mKNApt', 'display_url': 'on.nfl.com/mKNApt', 'indices': [71, 94]}]",http://www.spredfast.com,None,None
NiallOfficial,[],[],http://twitter.com/download/iphone,None,None
nick_paley,[],[],http://twitter.com/download/iphone,None,None
NickGoossen,"[{'text': 'boxing', 'indices': [87, 94]}]",[],http://twitter.com/download/iphone,None,None
NICKIMINAJ,"[{'text': 'QueenTing', 'indices': [0, 10]}]","[{'url': 'https://t.co/dZ2Ll9w8zH', 'expanded_url': 'https://twitter.com/onikalilbaby/status/858744437874335744', 'display_url': 'twitter.com/onikalilbaby/s…', 'indices': [11, 34]}]",http://twitter.com/download/iphone,None,None
nickswicks,"[{'text': 'KeepItOn', 'indices': [97, 106]}, {'text': 'BringBackOurInternet', 'indices': [107, 128]}]",[],http://twitter.com,None,None
NikkiLimo,[],[],http://twitter.com/download/iphone,None,None
NishaGanatra,[],[],http://twitter.com/download/iphone,None,None
NoceraBV,[],"[{'url': 'https://t.co/UPZ2ChMIJZ', 'expanded_url': 'https://twitter.com/i/web/status/858811782365949957', 'display_url': 'twitter.com/i/web/status/8…', 'indices': [116, 139]}]",http://twitter.com/download/iphone,None,None
NoJSBot,[],"[{'url': 'https://t.co/W7g1Wml1PA', 'expanded_url': 'http://mondrian.io', 'display_url': 'mondrian.io', 'indices': [7, 30]}]",http://johannabates.com,None,None
NormalEvanITBot,[],[],https://www.twitter.com/ITBot_Central,None,None
nypl_cats,[],"[{'url': 'https://t.co/17jk3BuDqz', 'expanded_url': 'http://digitalcollections.nypl.org/items/510d47de-1962-a3d9-e040-e00a18064a99', 'display_url': 'digitalcollections.nypl.org/items/510d47de…', 'indices': [48, 71]}]",http://www.github.com/ablwr,None,None
nytimes,[],"[{'url': 'https://t.co/pxzesXpeY7', 'expanded_url': 'http://nyti.ms/2oYTGu6', 'display_url': 'nyti.ms/2oYTGu6', 'indices': [70, 93]}]",http://www.socialflow.com,None,None
o_ema,[],[],http://twitter.com/download/iphone,None,None
o_tilli_a,[],[],http://twitter.com/download/iphone,None,None
Oakzar_ITBot,[],[],https://www.twitter.com/ITBot_Central,None,None
obliquestions,[],[],https://github.com/matthewmcvickar/oblique-questions-bot,None,None
OceanLive,"[{'text': 'aboutlastnight', 'indices': [0, 15]}, {'text': 'houston', 'indices': [16, 24]}, {'text': 'undercardnigga', 'indices': [25, 40]}, {'text': 'neworleansbornlaraised', 'indices': [41, 64]}, {'text': 'Repost', 'indices': [67, 74]}]","[{'url': 'https://t.co/Ct1cvbsCt5', 'expanded_url': 'https://www.instagram.com/p/BThBFQuBWBy/', 'display_url': 'instagram.com/p/BThBFQuBWBy/', 'indices': [90, 113]}]",http://instagram.com,None,None
OfficialPGBot,[],[],http://twitter.com,None,None
okesyou_bot,[],[],http://twittbot.net/,None,None
oliviamunn,[],"[{'url': 'https://t.co/sGj5UODWur', 'expanded_url': 'https://twitter.com/i/web/status/857749294723600386', 'display_url': 'twitter.com/i/web/status/8…', 'indices': [114, 137]}]",http://twitter.com/download/iphone,None,None
OMGItGhostITBot,[],[],https://www.twitter.com/ITBot_Central,None,None
onedirection,"[{'text': '1DWeekendPlaylist', 'indices': [0, 18]}]","[{'url': 'https://t.co/ADb1g2crCT', 'expanded_url': 'http://smarturl.it/1DWeekendTunes', 'display_url': 'smarturl.it/1DWeekendTunes', 'indices': [70, 93]}]",https://about.twitter.com/products/tweetdeck,None,None
Oprah,"[{'text': 'supersoulers', 'indices': [8, 21]}, {'text': 'SuperSoulSunday', 'indices': [60, 76]}]",[],http://twitter.com/download/iphone,None,None
otakon_bot,[],[],http://twittbot.net/,None,None
OzKaterji,"[{'text': 'Ghouta', 'indices': [37, 44]}]",[],http://twitter.com/download/iphone,None,None
ozun_bot,[],[],http://twittbot.net/,None,None
paldhous,[],"[{'url': 'https://t.co/aAqBU93C74', 'expanded_url': 'https://www.buzzfeed.com/stephaniemlee/lyme-disease-patient-registry', 'display_url': 'buzzfeed.com/stephaniemlee/…', 'indices': [92, 115]}]",http://twitter.com,None,None
PamelaEPrice,"[{'text': 'beverlyhilton', 'indices': [65, 79]}]","[{'url': 'https://t.co/RHFLmVZZ5X', 'expanded_url': 'https://twitter.com/i/web/status/856237748293836800', 'display_url': 'twitter.com/i/web/status/8…', 'indices': [113, 136]}]",http://twitter.com/download/iphone,None,None
PartyBitchKayla,[],[],http://twitter.com,None,None
Patrick_ITBot,[],[],https://www.twitter.com/ITBot_Central,None,None
PaulAveline,[],"[{'url': 'https://t.co/CylzSWn3Rf', 'expanded_url': 'https://twitter.com/i/web/status/858766228105699328', 'display_url': 'twitter.com/i/web/status/8…', 'indices': [117, 140]}]",http://twitter.com,None,None
paulelianiceguy,[],[],http://www.facebook.com/twitter,None,None
PaulHamilos,[],"[{'url': 'https://t.co/BM2SAk1l47', 'expanded_url': 'http://www.buzzfeed.com/borzoudaragahi/the-real-reason-turkey-is-building-so-many-mosques#.mlAZPl8V', 'display_url': 'buzzfeed.com/borzoudaragahi…', 'indices': [98, 121]}]",http://twitter.com,None,None
PaulHughescomic,[],"[{'url': 'https://t.co/pmhCnQSFrR', 'expanded_url': 'https://www.instagram.com/p/BSxqJHHFZtn/', 'display_url': 'instagram.com/p/BSxqJHHFZtn/', 'indices': [97, 120]}]",http://instagram.com,"{'type': 'Point', 'coordinates': [34.1165499, -118.26295]}","{'type': 'Point', 'coordinates': [-118.26295, 34.1165499]}"
pdmcleod,[],[],http://twitter.com/download/android,None,None
Pink,[],"[{'url': 'https://t.co/FLRFMe66w1', 'expanded_url': 'https://twitter.com/i/web/status/857379465927602176', 'display_url': 'twitter.com/i/web/status/8…', 'indices': [117, 140]}]",http://twitter.com,None,None
pitbull,[],"[{'url': 'https://t.co/lensRTa32a', 'expanded_url': 'https://www.facebook.com/pitbull/posts/10154421723382401', 'display_url': 'facebook.com/pitbull/posts/…', 'indices': [0, 23]}]",http://twitter.com/download/iphone,None,None
plbds,[],"[{'url': 'https://t.co/WFOZ51Kqwh', 'expanded_url': 'https://www.ft.com/content/10c2691c-2c60-11e7-9ec8-168383da43b7', 'display_url': 'ft.com/content/10c269…', 'indices': [41, 64]}]",http://twitter.com,None,None
pls_take_breaks,[],[],http://cheapbotsdonequick.com,None,None
PMOIndia,[],[],http://twitter.com/download/iphone,None,None
Pola_BOT,[],[],http://twittbot.net/,None,None
POTUS,"[{'text': '100Days', 'indices': [48, 56]}]",[],http://twitter.com,None,None
powerbot,[],[],http://www.zendesk.com,None,None
priyankachopra,"[{'text': 'Baahubali2', 'indices': [108, 119]}]",[],http://twitterrific.com,None,None
Priyasideas,[],"[{'url': 'https://t.co/hWwlptRNim', 'expanded_url': 'https://www.buzzfeed.com/priya/uber-to-court-waymo-is-looking-for-a-red-herring?utm_term=.knQ4annp6#.ogoLbVVjA', 'display_url': 'buzzfeed.com/priya/uber-to-…', 'indices': [70, 93]}]",https://about.twitter.com/products/tweetdeck,None,None
pulmyears,[],[],http://twitter.com/download/iphone,None,None
PunditBot,[],[],http://www.nytimes.com,None,None
purominensu_bot,[],[],http://twittbot.net/,None,None
quantom_nom,"[{'text': 'Food', 'indices': [114, 119]}]","[{'url': 'https://t.co/CosCHpDfmp', 'expanded_url': 'http://www.viralviralclips.com/best-tasty-recipes-videos-2017-2-amazing-tasty-recipes-instagram/', 'display_url': 'viralviralclips.com/best-tasty-rec…', 'indices': [87, 110]}]",http://www.sfxworks.net,None,None
QVCFKSM_BOT,[],[],http://makebot.sh/,None,None
rachelysanders,[],[],http://twitter.com/download/iphone,None,None
radio_scrobble,"[{'text': 'nowplaying', 'indices': [42, 53]}, {'text': 'beats1', 'indices': [54, 61]}]","[{'url': 'https://t.co/W8Y1hElDTp', 'expanded_url': 'http://hypem.com/go/itunes/album%2Fid1223592280?entity=album', 'display_url': 'hypem.com/go/itunes/albu…', 'indices': [62, 85]}]",http://hypem.com,None,None
rain_ametrine,[],[],http://twitter.com,None,None
Raksasa_bot,[],[],http://www14.makebot.sh/setting/who/,None,None
RallyTweets,"[{'text': 'FIAERC', 'indices': [36, 43]}]",[],https://roundteam.co,None,None
ranka_joy_bot,[],[],http://twittbot.net/,None,None
RasPiRTBot,"[{'text': 'piday', 'indices': [46, 52]}, {'text': 'raspberrypi', 'indices': [53, 65]}]",[],http://rpirtbot.ryanteck.org.uk/,None,None
realDonaldTrump,[],[],http://twitter.com/download/iphone,None,None
realmadrid,"[{'text': 'RMUCL', 'indices': [4, 10]}, {'text': 'HalaMadrid', 'indices': [97, 108]}]","[{'url': 'https://t.co/K3K5f1B1h1', 'expanded_url': 'http://bit.ly/Derbis_RM', 'display_url': 'bit.ly/Derbis_RM', 'indices': [110, 133]}]",https://about.twitter.com/products/tweetdeck,None,None
RealRealDonaldT,[],[],http://example.com,None,None
RegaJha,[],[],http://twitter.com/download/iphone,None,None
reimarisan_bot,[],[],https://www.youtube.com/channel/UCPXsA_35ypbXBUnM0TT6Gcw,None,None
reimusan_bot,[],[],http://makebot.sh,None,None
remysmidt,[],[],http://twitter.com/download/iphone,None,None
Rene_the_Bot,"[{'text': 'brilliant', 'indices': [64, 74]}]","[{'url': 'https://t.co/K2kFSnffhG', 'expanded_url': 'https://twitter.com/harshsikka/status/824747373754773505', 'display_url': 'twitter.com/harshsikka/sta…', 'indices': [75, 98]}]",http://twitter.com/download/iphone,None,None
Reuters,[],"[{'url': 'https://t.co/QK1dmaw6rc', 'expanded_url': 'http://reut.rs/2py9arS', 'display_url': 'reut.rs/2py9arS', 'indices': [69, 92]}]",http://www.socialflow.com,None,None
Richard_AHolmes,[],[],http://twitter.com,None,None
ricky_martin,[],"[{'url': 'https://t.co/rdPOuySr5k', 'expanded_url': 'https://youtu.be/X6wQOW9ihDA', 'display_url': 'youtu.be/X6wQOW9ihDA', 'indices': [58, 81]}]",http://twitter.com/download/iphone,None,None
rickyvanveen,[],[],http://twitter.com,None,None
rihanna,[],"[{'url': 'https://t.co/QrqjSFJ73f', 'expanded_url': 'https://twitter.com/issarae/status/856293244077883392', 'display_url': 'twitter.com/issarae/status…', 'indices': [19, 42]}]",http://twitter.com/download/iphone,None,None
Ringabel_bot,[],[],http://twittbot.net/,None,None
rose_catb,[],"[{'url': 'https://t.co/p0rav6BVK5', 'expanded_url': 'https://twitter.com/aljwhite/status/857857929462067201', 'display_url': 'twitter.com/aljwhite/statu…', 'indices': [70, 93]}]",http://twitter.com,None,None
RTCowboysNation,"[{'text': 'cowboys', 'indices': [124, 132]}]","[{'url': 'https://t.co/Q7M5sf7CZH', 'expanded_url': 'http://www.ebay.com/itm/371929243035', 'display_url': 'ebay.com/itm/3719292430…', 'indices': [39, 62]}]",https://roundteam.co,None,None
RyanSeacrest,[],[],http://twitter.com/download/iphone,None,None
ryujitukahara,[],[],http://twitter.com/download/iphone,None,None
s_jourdain,[],[],http://twitter.com/download/iphone,None,None
SabinLomac,[],[],http://twitter.com/download/iphone,None,None
salgentile,[],[],http://twitter.com/download/iphone,None,None
samkirkland,[],"[{'url': 'https://t.co/gPfVBKiXqf', 'expanded_url': 'https://twitter.com/mark_j_boyle/status/855829323223359488', 'display_url': 'twitter.com/mark_j_boyle/s…', 'indices': [116, 139]}]",http://twitter.com/download/iphone,None,None
SamOltman,[],"[{'url': 'https://t.co/VldX2RrlLM', 'expanded_url': 'http://boingboing.net/2017/04/26/watch-dog-barks-with-suspicio.html', 'display_url': 'boingboing.net/2017/04/26/wat…', 'indices': [34, 57]}]",https://about.twitter.com/products/tweetdeck,None,None
sansdn,[],[],http://twitter.com/download/android,None,None
SarahMMimms,[],"[{'url': 'https://t.co/zA7uNDOCoo', 'expanded_url': 'https://www.buzzfeed.com/katenocera/chuck-schumer-sees-himself-as-trumps-chief-opponent-but-hey?utm_term=.uw7gZg9l8X', 'display_url': 'buzzfeed.com/katenocera/chu…', 'indices': [89, 112]}]",http://twitter.com,None,None
sas_bot,"[{'text': 'ohayo', 'indices': [118, 124]}]",[],http://sasbot.blog134.fc2.com/,None,None
satanya_bot,[],[],http://botbird.metabirds.net,None,None
satoruishido,[],"[{'url': 'https://t.co/aNA8TQuxdk', 'expanded_url': 'https://www.buzzfeed.com/kazukiwatanabe/20170430-2?utm_term=.fiZJKAmr1O', 'display_url': 'buzzfeed.com/kazukiwatanabe…', 'indices': [34, 57]}]",http://twitter.com/download/iphone,None,None
sayangel,[],"[{'url': 'https://t.co/NSJDHO9FEb', 'expanded_url': 'http://tiltbrush.com/sketches', 'display_url': 'tiltbrush.com/sketches', 'indices': [98, 121]}]",http://twitter.com,None,None
scarriewhite,[],[],http://twitter.com/download/iphone,None,None
scharf_michael,[],[],http://twitter.com/download/iphone,None,None
SchoofsFeed,[],"[{'url': 'https://t.co/zldvW1wYv6', 'expanded_url': 'https://twitter.com/jamesamarcus/status/858136036257431553', 'display_url': 'twitter.com/jamesamarcus/s…', 'indices': [90, 113]}]",http://twitter.com/download/iphone,None,None
schultzmaggie,[],[],http://twitter.com,None,None
ScottiHill,[],"[{'url': 'https://t.co/dM41YnzeFl', 'expanded_url': 'http://www.pledgemusic.com/briantichy', 'display_url': 'pledgemusic.com/briantichy', 'indices': [102, 125]}]",http://twitter.com/download/iphone,None,None
selenagomez,[],"[{'url': 'https://t.co/XZ3dKnO2h7', 'expanded_url': 'https://youtu.be/u3VTKvdAuIY', 'display_url': 'youtu.be/u3VTKvdAuIY', 'indices': [67, 90]}]",http://twitter.com/download/iphone,None,None
screen_name,entities-hashtags,entities-url,source_url,geo,coordinates
SethGreen,"[{'text': 'AustinPowers', 'indices': [55, 68]}]","[{'url': 'https://t.co/d0epRT8sWh', 'expanded_url': 'https://twitter.com/thr/status/857580152087355392', 'display_url': 'twitter.com/thr/status/857…', 'indices': [115, 138]}]",http://twitter.com/download/iphone,None,None
Seto_mari137,"[{'text': 'bot', 'indices': [16, 20]}]",[],http://twirobo.com/,None,None
sfmarketupdate,[],"[{'url': 'https://t.co/CnRefceVG1', 'expanded_url': 'http://www.jesswilliams.com/660-hayes-street-seller-represented/?utm_source=dlvr.it&utm_medium=twitter', 'display_url': 'jesswilliams.com/660-hayes-stre…', 'indices': [36, 59]}]",https://dlvrit.com/,None,None
shakira,[],[],http://twitter.com/download/iphone,None,None
Shan_anigans13,"[{'text': 'tastyjapan', 'indices': [39, 50]}]",[],http://twitter.com/download/iphone,None,None
shin_osrs_bot,[],[],http://twittbot.net/,None,None
ShinSetoKS_bot,[],"[{'url': 'https://t.co/oK9sEdzLPi', 'expanded_url': 'http://twitpic.com/cqw0xb', 'display_url': 'twitpic.com/cqw0xb', 'indices': [10, 33]}]",http://www.meitetsu.co.jp/,None,None
Shredder_Bot,[],[],http://www.nick.com/shows/ninja-turtles/?navid=characterNav,None,None
shugairi,[],"[{'url': 'https://t.co/fPv02GFkZa', 'expanded_url': 'https://twitter.com/i/web/status/853119034262528001', 'display_url': 'twitter.com/i/web/status/8…', 'indices': [116, 139]}]",http://www.hootsuite.com,None,None
Simmydk,[],[],http://twitter.com/download/iphone,None,None
sk_guitargirl,[],[],http://twittbot.net/,None,None
SkarSkarSkar,[],[],https://about.twitter.com/products/tweetdeck,None,None
slowpoke_bot,[],[],http://twittbot.net/,None,None
SMizoroki,[],"[{'url': 'https://t.co/UwzHrjmu8F', 'expanded_url': 'https://qz.com/967985', 'display_url': 'qz.com/967985', 'indices': [102, 125]}]",http://twitter.com/download/iphone,None,None
sngknt_bot,[],[],http://twittbot.net/,None,None
Snipars_ITBot,[],[],https://www.twitter.com/ITBot_Central,None,None
SnoopDogg,[],"[{'url': 'https://t.co/mDkPNyVvjh', 'expanded_url': 'http://ift.tt/2pkuUas', 'display_url': 'ift.tt/2pkuUas', 'indices': [9, 32]}]",https://ifttt.com,None,None
Soldier76bot,"[{'text': 'overwatch', 'indices': [5, 15]}]",[],https://www.tumblr.com/blog/soldier76bot,None,None
SoundAdviceBot,[],[],http://cheapbotsdonequick.com,None,None
SpaceJamCheck,[],[],http://muffinlabs.com,None,None
spacetravelbot,[],[],http://cheapbotsdonequick.com,None,None
SportsCenter,[],"[{'url': 'https://t.co/6VhX2JLtv4', 'expanded_url': 'http://es.pn/2pMq3jE', 'display_url': 'es.pn/2pMq3jE', 'indices': [45, 68]}]",http://www.spredfast.com,None,None
SrBachchan,[],[],http://twitter.com,None,None
stephemcneal,[],[],http://twitter.com/download/iphone,None,None
stephsimbari,[],[],http://twitter.com/download/iphone,None,None
stevehssb_ITBot,[],[],https://www.twitter.com/ITBot_Central,None,None
Stocks_Bot,[],"[{'url': 'https://t.co/0C1Kneioxf', 'expanded_url': 'http://dlvr.it/P1xt4V', 'display_url': 'dlvr.it/P1xt4V', 'indices': [62, 85]}]",https://dlvrit.com/,None,None
streetsnsheets,[],[],http://twitter.com/streetsnsheets,None,None
SubstitutionBot,[],[],https://github.com/mollywhite/SubstitutionBot,None,None
SuperCopBot,[],"[{'url': 'https://t.co/2b7MHi7Get', 'expanded_url': 'http://Supercopbot.com', 'display_url': 'Supercopbot.com', 'indices': [28, 51]}]",http://twitter.com/download/iphone,None,None
swayandocean,,,,,
t_Kido_bot,[],[],http://twittbot.net/,None,None
tacha_bot,[],[],http://d.hatena.ne.jp/tacha_bot/,None,None
taiyop_bot,"[{'text': 'プログラマが知るべき97のこと', 'indices': [88, 104]}]",[],http://twittbot.net/,None,None
TalalNAnsari,[],"[{'url': 'https://t.co/LdJJt29JuP', 'expanded_url': 'https://www.buzzfeed.com/josephbernstein/the-trump-internet-keeps-making-fake-hate-symbols-and?utm_term=.jiQz5bJRw#.whooeq02K', 'display_url': 'buzzfeed.com/josephbernstei…', 'indices': [42, 65]}]",http://twitter.com/download/iphone,None,None
tamerra_nikol,[],"[{'url': 'https://t.co/SqbBWs8zgY', 'expanded_url': 'https://www.buzzfeed.com/juliareinstein/he-did-it-like-a-bitch?utm_term=.snJyvk0YP#.dey9p8Yvn', 'display_url': 'buzzfeed.com/juliareinstein…', 'indices': [116, 139]}]",http://twitter.com,None,None
tanukichi_tmbot,[],[],http://shakuyaku.web.fc2.com/tanukichi_tmbot.html,None,None
TateBot,[],"[{'url': 'https://t.co/mznJJdzKPv', 'expanded_url': 'http://www.tate.org.uk/art/artworks/zuccarelli-a-landscape-with-the-story-of-cadmus-killing-the-dragon-t04121', 'display_url': 'tate.org.uk/art/artworks/z…', 'indices': [72, 95]}]",http://127.0.0.1,None,None
taylorswift13,"[{'text': 'idontwannaliveforever', 'indices': [0, 22]}, {'text': 'fiftyshadesdarker', 'indices': [23, 41]}]","[{'url': 'https://t.co/PwER46Gt3F', 'expanded_url': 'http://taylor.lk/IDWLFBTS2KeyLight', 'display_url': 'taylor.lk/IDWLFBTS2KeyLi…', 'indices': [42, 65]}]",http://twitter.com,None,None
teruomi_bot,[],[],http://twittbot.net/,None,None
TheBurnham,[],[],http://twitter.com/download/iphone,None,None
thecultureofbot,[],[],https://chatlike.me,None,None
TheDaily_Web,"[{'text': 'AWS', 'indices': [19, 23]}, {'text': 'AmazonAthena', 'indices': [70, 83]}, {'text': 'AmazonQuickSite', 'indices': [90, 106]}]",[],https://simple-twitter-bot.herokuapp.com/,None,None
TheEconomist,[],[],http://www.socialflow.com,None,None
TheEllenShow,"[{'text': 'LittleBigShots', 'indices': [62, 77]}]",[],http://twitter.com/download/iphone,None,None
TheJeffRichards,[],"[{'url': 'https://t.co/mcBYBQ3Ky1', 'expanded_url': 'https://instagram.com/p/BTfE6Pegcz6/', 'display_url': 'instagram.com/p/BTfE6Pegcz6/', 'indices': [48, 71]}]",http://twitter.com/download/iphone,None,None
TheJezzaBot,"[{'text': 'xxx', 'indices': [15, 19]}, {'text': 'PornFilms', 'indices': [20, 30]}, {'text': 'XFilms', 'indices': [31, 38]}, {'text': 'SexFilms', 'indices': [39, 48]}]","[{'url': 'https://t.co/94BiFAgBOQ', 'expanded_url': 'http://xflicker.com/', 'display_url': 'xflicker.com', 'indices': [50, 73]}]",http://www.example.com,None,None
TheJoshMeyers,[],[],http://twitter.com/download/iphone,None,None
TheNiceBot,"[{'text': 'TheNiceBot', 'indices': [62, 73]}]",[],http://www.deutschinc.com/,None,None
thereisnoiin,[],[],http://cheapbotsdonequick.com,None,None
thetrumpbot,[],[],http://elaineou.com,None,None
TippyBlue_bot,[],[],http://twittbot.net/,None,None
todoroki_siduka,[],[],http://twittbot.net/,None,None
tokito_pif_bot,[],[],http://twittbot.net/,None,None
TomBWarren,[],"[{'url': 'https://t.co/bstZQIhLli', 'expanded_url': 'https://www.buzzfeed.com/melissasegura/chicago-faces-a-new-lawsuit-over-cop-accused-of-framing-51?utm_term=.jj1dmmx4Z#.fsez553dB', 'display_url': 'buzzfeed.com/melissasegura/…', 'indices': [107, 130]}]",http://twitter.com,None,None
TomiObaro,[],[],http://twitter.com/download/iphone,None,None
TomNamako,[],"[{'url': 'https://t.co/iri5A8Gvja', 'expanded_url': 'https://www.buzzfeed.com/katenocera/chuck-schumer-sees-himself-as-trumps-chief-opponent-but-hey?utm_term=.smKOov99q#.gwJV7Znn9', 'display_url': 'buzzfeed.com/katenocera/chu…', 'indices': [99, 122]}]",http://twitter.com/download/iphone,None,None
torahiko_bot,[],[],http://twpro.jp/torahiko_bot,None,None
Trump_ITBot,[],[],https://www.twitter.com/ITBot_Central,None,None
Trump2Cash,[],"[{'url': 'https://t.co/K9bLh6id8m', 'expanded_url': 'http://www.npr.org/sections/money/2017/04/07/522897876/meet-botus-planet-money-s-stock-trading-twitter-bot', 'display_url': 'npr.org/sections/money…', 'indices': [28, 51]}]",http://twitter.com/download/android,None,None
truthbotanarchy,"[{'text': 'WakeUp', 'indices': [91, 98]}, {'text': 'Anonymous', 'indices': [99, 109]}, {'text': 'Anonfamily', 'indices': [110, 121]}, {'text': 'Freedom', 'indices': [122, 130]}]",[],http://twitter.com/download/iphone,None,None
TruthbotGalaxy,[],[],http://twitter.com/download/android,None,None
Truther_Bat,"[{'text': 'wagegap', 'indices': [64, 72]}]",[],http://twitter.com,None,None
TrutherArahant,[],[],http://twitter.com/download/iphone,None,None
trutherb0trasta,"[{'text': 'ProudAnon', 'indices': [83, 93]}, {'text': 'Halloween16', 'indices': [94, 106]}, {'text': 'HW16', 'indices': [107, 112]}]",[],http://twitter.com/download/iphone,None,None
trutherbindigo,[],[],http://twitter.com/download/iphone,None,None
trutherbot_01,[],[],http://twitter.com/download/android,None,None
trutherbot210,[],[],http://twitter.com/download/iphone,None,None
trutherbot3rdI,[],[],http://twitter.com/download/iphone,None,None
trutherbotadmin,[],"[{'url': 'https://t.co/S3BPzcsp77', 'expanded_url': 'https://twitter.com/i/web/status/858466447655350272', 'display_url': 'twitter.com/i/web/status/8…', 'indices': [117, 140]}]",http://twitter.com/download/android,None,None
TrutherbotAlice,[],[],http://twitter.com/download/iphone,None,None
TrutherbotAngel,"[{'text': 'OpISIS', 'indices': [122, 129]}]","[{'url': 'https://t.co/NDyMrJ3VXM', 'expanded_url': 'https://twitter.com/intent/user?user_id=2844286316', 'display_url': 'twitter.com/intent/user?us…', 'indices': [45, 68]}, {'url': 'https://t.co/dD3GnTsXYV', 'expanded_url': 'https://twitter.com/intent/user?user_id=2816777000', 'display_url': 'twitter.com/intent/user?us…', 'indices': [71, 94]}, {'url': 'https://t.co/G6Xt4kEYxS', 'expanded_url': 'https://twitter.com/intent/user?user_id=2507393934', 'display_url': 'twitter.com/intent/user?us…', 'indices': [97, 120]}]",http://twitter.com/download/android,None,None
trutherbotaprct,"[{'text': 'MAGA', 'indices': [6, 11]}]",[],http://twitter.com/download/iphone,None,None
trutherbotaut,[],[],http://twitter.com/download/android,None,None
trutherbotbin,[],[],http://twitter.com/download/iphone,None,None
trutherbotblush,"[{'text': 'trutherbot', 'indices': [32, 43]}]",[],http://twitter.com,None,None
TrutherbotBoat,[],[],http://twitter.com/download/android,None,None
TrutherBotBob,[],[],http://www.twitter.com,None,None
trutherbotbull,"[{'text': 'BlogTalkRadio', 'indices': [87, 101]}]","[{'url': 'https://t.co/7jr28gLtsB', 'expanded_url': 'http://tobtr.com/s/9988559', 'display_url': 'tobtr.com/s/9988559', 'indices': [62, 85]}]",http://www.blogtalkradio.com,None,None
TrutherBotChrom,[],[],http://twitter.com/download/iphone,None,None
trutherbotdelta,"[{'text': 'MahatmaGandhi', 'indices': [87, 101]}, {'text': 'Gandhi', 'indices': [102, 109]}]",[],http://twitter.com/download/android,None,None
TrutherBotFork,[],"[{'url': 'https://t.co/MOAtnJuWQG', 'expanded_url': 'https://twitter.com/i/web/status/841044785758633985', 'display_url': 'twitter.com/i/web/status/8…', 'indices': [120, 143]}]",https://mobile.twitter.com,None,None
trutherbotfree,[],[],http://twitter.com/download/android,None,None
trutherbotfrei,[],[],http://twitter.com/download/iphone,None,None
trutherbotgirl,[],[],http://twitter.com/download/android,None,None
trutherbotglich,[],[],http://twitter.com/download/iphone,None,None
TrutherbotGr33n,[],[],http://twitter.com/download/iphone,None,None
Trutherbotgr3en,"[{'text': 'Whirlpool', 'indices': [35, 45]}, {'text': 'TFUE', 'indices': [120, 125]}]",[],http://twitter.com/download/iphone,None,None
TrutherBotLife,"[{'text': 'TRUMP2020', 'indices': [0, 10]}]",[],http://twitter.com/download/iphone,None,None
trutherbotmagic,[],"[{'url': 'https://t.co/TWu13hNR7W', 'expanded_url': 'https://www.youtube.com/watch?v=PlqXgXwzkPg', 'display_url': 'youtube.com/watch?v=PlqXgX…', 'indices': [64, 87]}]",http://www.samruston.co.uk,None,None
trutherbotmatrx,[],[],http://twitter.com,None,None
Trutherbotmoon,"[{'text': 'normal', 'indices': [8, 15]}, {'text': 'natural', 'indices': [23, 31]}, {'text': 'trutherbot', 'indices': [32, 43]}]","[{'url': 'https://t.co/Vp85X6O0pT', 'expanded_url': 'https://twitter.com/trutherbotpink/status/857835562165817345', 'display_url': 'twitter.com/trutherbotpink…', 'indices': [44, 67]}]",http://twitter.com/download/android,None,None
trutherbotnet,[],[],https://ifttt.com,None,None
TrutherBotNight,[],[],http://twitter.com/download/iphone,None,None
trutherbotnygma,[],[],http://twitter.com,None,None
trutherbotowl,[],[],http://twitter.com,None,None
Trutherbotprime,[],[],http://twitter.com/download/iphone,None,None
Trutherbotpwkl,[],[],http://twitter.com/download/iphone,None,None
TrutherbotQwack,"[{'text': 'Trump', 'indices': [77, 83]}]",[],http://twitter.com,None,None
TrutherbotRG,[],[],http://twitter.com/download/iphone,None,None
trutherbotsaph,[],[],http://twitter.com/download/iphone,None,None
TrutherbotSLAP,"[{'text': 'Hacktivist', 'indices': [17, 28]}, {'text': '4chan', 'indices': [49, 55]}, {'text': 'Factoid', 'indices': [58, 66]}]",[],http://manageflitter.com,None,None
TrutherBotTexas,[],[],https://mobile.twitter.com,None,None
TrutherbotTHC,[],[],http://twitter.com/download/android,None,None
trutherbotTRUMP,,,,,
trutherbotTX,[],[],http://twitter.com/download/iphone,None,None
TrutherBotUnity,[],"[{'url': 'https://t.co/h4xecLrDi0', 'expanded_url': 'https://www.youtube.com/shared?ci=nrii07dcQtE', 'display_url': 'youtube.com/shared?ci=nrii…', 'indices': [0, 23]}]",http://twitter.com/download/android,None,None
TrutherV,[],[],http://twitter.com,None,None
TruthHippie,[],[],http://twitter.com/download/iphone,None,None
Tube8_ITBot,[],[],https://www.twitter.com/ITBot_Central,None,None
Twitter,"[{'text': 'DHOpen', 'indices': [79, 86]}]",[],http://twitter.com,None,None
TwitterLatAm,[],"[{'url': 'https://t.co/8uaPZDz47m', 'expanded_url': 'https://twitter.com/i/moments/858697458917847040', 'display_url': 'twitter.com/i/moments/8586…', 'indices': [89, 112]}]",http://twitter.com/download/iphone,None,None
TysonCBeckford,"[{'text': 'tysonbeckford', 'indices': [110, 124]}]",[],http://twitter.com/download/iphone,None,None
UberDangerITBot,"[{'text': 'PAXEast2015', 'indices': [27, 39]}]",[],https://www.twitter.com/ITBot_Central,None,None
UCBReopenBot,"[{'text': 'UCB', 'indices': [96, 100]}]","[{'url': 'https://t.co/ZUJWN4VKta', 'expanded_url': 'https://newyork.ucbtrainingcenter.com/course/sketch/14780', 'display_url': 'newyork.ucbtrainingcenter.com/course/sketch/…', 'indices': [72, 95]}]",http://joe-natalzia.com,None,None
umeko_dokuzetsu,[],[],http://twittbot.net/,None,None
upgrade_exe,[],[],http://twitter.com/upgrade_exe,None,None
USTweetsDistill,[],"[{'url': 'https://t.co/tFqRVf6iFB', 'expanded_url': 'https://twitter.com/i/moments/851897262414417920', 'display_url': 'twitter.com/i/moments/8518…', 'indices': [66, 89]}]",http://twitter.com/download/iphone,None,None
uugwuu,[],[],http://twitter.com/download/iphone,None,None
v1_bot,[],[],http://www14.makebot.sh/setting/who/,None,None
VeryMetaFilter,[],[],http://cheapbotsdonequick.com,None,None
VineCreators,[],[],http://twitter.com,None,None
VinnyFasline,[],[],http://twitter.com/download/iphone,None,None
VPKanye,[],[],http://mollywhite.net/bots,None,None
WebSummitBot,"[{'text': 'CollisionConf', 'indices': [105, 119]}, {'text': 'Websummit', 'indices': [120, 130]}]",[],http://broconut.com/websummit/init.php,None,None
WhatTheHaiITBot,[],[],https://www.twitter.com/ITBot_Central,None,None
wifiistaken,[],[],http://twitter.com/download/iphone,None,None
WikipediaTrends,[],"[{'url': 'https://t.co/WuYNw4H1Bl', 'expanded_url': 'http://enwp.org/Gin_Tama', 'display_url': 'enwp.org/Gin_Tama', 'indices': [19, 42]}]",http://felixrenicks.com/,None,None
wittlemidgITBot,[],[],https://www.twitter.com/ITBot_Central,None,None
wizkhalifa,[],"[{'url': 'https://t.co/9GNjMl4aN7', 'expanded_url': 'https://youtu.be/FJoDN59aEpA', 'display_url': 'youtu.be/FJoDN59aEpA', 'indices': [0, 23]}]",http://twitter.com/download/iphone,None,None
xojustina,[],"[{'url': 'https://t.co/bKkULYsbsN', 'expanded_url': 'https://www.instagram.com/p/BTCjtrKDAQR/', 'display_url': 'instagram.com/p/BTCjtrKDAQR/', 'indices': [46, 69]}]",http://instagram.com,"{'type': 'Point', 'coordinates': [43.64205844, -79.38634159]}","{'type': 'Point', 'coordinates': [-79.38634159, 43.64205844]}"
xtina,[],"[{'url': 'https://t.co/OqHLxL8xGU', 'expanded_url': 'https://itun.es/us/sEKkjb', 'display_url': 'itun.es/us/sEKkjb', 'indices': [117, 140]}]",http://twitter.com/download/iphone,None,None
yami_len_bot,[],[],http://twittbot.net/,None,None
yamibakura_bot,[],[],http://twittbot.net/,None,None
YankeeIKD_bot,[],[],http://twittbot.net/,None,None
yaohan_bot,[],[],http://twittbot.net/,None,None
Yar30_bot,[],[],http://twittbot.net/,None,None
yota_bot,[],[],http://twittbot.net/,None,None
youngvulgarian,[],[],http://twitter.com,None,None
yourtechbot,[],[],http://twitter.com,None,None
YouTube,"[{'text': 'SaveThemAll', 'indices': [79, 91]}, {'text': 'NKLA', 'indices': [92, 97]}]","[{'url': 'https://t.co/cFs3dsa3gW', 'expanded_url': 'https://twitter.com/i/web/status/858790064381464576', 'display_url': 'twitter.com/i/web/status/8…', 'indices': [101, 124]}]",http://twitter.com,None,None
Yuki_Haruna_bot,[],[],http://twitter.com/eustia_august,None,None
zaynmalik,[],"[{'url': 'https://t.co/ZAdKCNrWqp', 'expanded_url': 'https://www.gofundme.com/get-ayesha-life-saving-treatment', 'display_url': 'gofundme.com/get-ayesha-lif…', 'indices': [64, 87]}]",http://twitter.com/download/iphone,None,None
zaynmalik_ITBot,[],[],https://www.twitter.com/ITBot_Central,None,None
